ejecutable;numElementos;tiempo
./mergesort;100000;0.0311961
./mergesort;200000;0.0627871
./mergesort;300000;0.0951716
./mergesort;400000;0.129102
./mergesort;500000;0.161903
./heapsort;100000;0.0292311
./heapsort;200000;0.0562934
./heapsort;300000;0.105358
./heapsort;400000;0.119176
./heapsort;500000;0.156001
./quicksort;100000;24.2136
