ejecutable;numElementos;tiempo
./mergesort;100000;0.0310564
./mergesort;200000;0.0651639
./mergesort;300000;0.0998721
./mergesort;400000;0.138897
./mergesort;500000;0.165578
./heapsort;100000;0.0281879
./heapsort;200000;0.0585674
./heapsort;300000;0.0903139
./heapsort;400000;0.120225
./heapsort;500000;0.156761
./quicksort;100000;40.0536
